{"cameraMode":{"drawMode":0,"name":"Shaded","section":"Shading Mode"},"sceneLighting":false,"audioPlay":false,"sceneViewState":{"showFog":true,"showMaterialUpdate":false,"showSkybox":false,"showFlares":true,"showImageEffects":true,"showParticleSystems":true},"in2DMode":false,"pivot":{"x":0.6145811080932617,"y":0.9237861633300781,"z":-8.422592163085938},"rotation":{"x":-0.27143004536628725,"y":0.32569098472595217,"z":-0.09818771481513977,"w":-0.9003393054008484},"size":22.97779655456543,"orthographic":false}